<?xml version="1.0" encoding="UTF-8"?>
<project xmlns="http://www.netbeans.org/ns/project/1">
    <type>com.microchip.mplab.nbide.embedded.makeproject</type>
    <configuration>
        <data xmlns="http://www.netbeans.org/ns/make-project/1">
            <name>Curiosity_PIC16F1459_TestPeriph</name>
            <creation-uuid>07279cd5-a92e-43a1-96a2-201e0e7429c0</creation-uuid>
            <make-project-type>0</make-project-type>
            <c-extensions>c</c-extensions>
            <cpp-extensions/>
            <header-extensions>h</header-extensions>
            <asminc-extensions/>
            <sourceEncoding>ISO-8859-2</sourceEncoding>
            <make-dep-projects/>
        </data>
    </configuration>
</project>
